{
    "accuracy": 0.4794537423916805,
    "loss": 0.5205462576083195,
    "epochs": 5
}